merchant_id,canonical_name,category,subtype,scope,processor,channel_mix,price_median,price_sigma,peak_hour,popularity,descriptor,ambiguous_categories
m_care_com,Care.com,Childcare & Education,babysitting,online,none,online=1,90.00,0.40,18,5,,
m_sittercity,Sittercity,Childcare & Education,babysitting,online,none,online=1,90.00,0.40,18,3,,
m_bayside_swim_school,Bayside Swim School,Childcare & Education,camp,local,square,online=1,420.00,0.50,10,3,,
m_camp_wildwood,Camp Wildwood,Childcare & Education,camp,local,none,online=1,420.00,0.50,10,3,,
m_little_kickers_soccer,Little Kickers Soccer,Childcare & Education,camp,local,square,online=1,420.00,0.50,10,3,,
m_ymca_summer_camp,YMCA Summer Camp,Childcare & Education,camp,national,none,online=1,420.00,0.50,10,5,,
m_acorn_montessori,Acorn Montessori,Childcare & Education,daycare,local,none,ach=0.8;online=0.2,0.00,0.00,5,3,,
m_bright_horizons,Bright Horizons,Childcare & Education,daycare,national,none,ach=0.8;online=0.2,0.00,0.00,5,7,,
m_kindercare,KinderCare,Childcare & Education,daycare,national,none,ach=0.8;online=0.2,0.00,0.00,5,6,,
m_little_sprouts_daycare,Little Sprouts Daycare,Childcare & Education,daycare,local,none,ach=0.8;online=0.2,0.00,0.00,5,4,,
m_sunshine_early_learning,Sunshine Early Learning,Childcare & Education,daycare,local,none,ach=0.8;online=0.2,0.00,0.00,5,4,,
m_tiny_steps_preschool,Tiny Steps Preschool,Childcare & Education,daycare,local,none,ach=0.8;online=0.2,0.00,0.00,5,3,,
m_coursera,Coursera,Childcare & Education,school,online,none,online=0.7;card_present=0.3,85.00,0.70,10,4,,
m_lakeside_school_district,Lakeside School District,Childcare & Education,school,local,none,online=0.7;card_present=0.3,85.00,0.70,10,5,,
m_pinecrest_elementary_pta,Pinecrest Elementary PTA,Childcare & Education,school,local,square,online=0.7;card_present=0.3,85.00,0.70,10,3,,
m_scholastic_book_fair,Scholastic Book Fair,Childcare & Education,school,national,none,online=0.7;card_present=0.3,85.00,0.70,10,3,,
m_udemy,Udemy,Childcare & Education,school,online,none,online=0.7;card_present=0.3,85.00,0.70,10,4,,
m_code_ninjas,Code Ninjas,Childcare & Education,tutoring,national,none,online=0.6;card_present=0.4,160.00,0.40,16,3,,
m_kumon,Kumon,Childcare & Education,tutoring,national,none,online=0.6;card_present=0.4,160.00,0.40,16,4,,
m_mathnasium,Mathnasium,Childcare & Education,tutoring,national,none,online=0.6;card_present=0.4,160.00,0.40,16,4,,
m_hops_barley_taproom,Hops & Barley Taproom,Dining,bar,local,toast,card_present=1,34.00,0.50,22,3,,
m_lantern_pub,Lantern Pub,Dining,bar,local,toast,card_present=1,34.00,0.50,22,3,,
m_night_owl_tavern,Night Owl Tavern,Dining,bar,local,square,card_present=1,34.00,0.50,22,2,,
m_the_tipsy_fox,The Tipsy Fox,Dining,bar,local,toast,card_present=1,34.00,0.50,22,3,,
m_velvet_lounge,Velvet Lounge,Dining,bar,local,toast,card_present=1,34.00,0.50,22,2,,
m_bean_there_coffee,Bean There Coffee,Dining,coffee,local,square,card_present=0.95;online=0.05,6.50,0.30,8,3,,
m_blue_bottle_coffee,Blue Bottle Coffee,Dining,coffee,national,none,card_present=0.95;online=0.05,6.50,0.30,8,5,,
m_common_grounds,Common Grounds,Dining,coffee,local,toast,card_present=0.95;online=0.05,6.50,0.30,8,3,,
m_driftwood_coffee_co,Driftwood Coffee Co,Dining,coffee,local,square,card_present=0.95;online=0.05,6.50,0.30,8,2,,
m_dunkin,Dunkin',Dining,coffee,national,none,card_present=0.95;online=0.05,6.50,0.30,8,8,DUNKIN,
m_dutch_bros_coffee,Dutch Bros Coffee,Dining,coffee,national,none,card_present=0.95;online=0.05,6.50,0.30,8,5,,
m_golden_hour_bakery,Golden Hour Bakery,Dining,coffee,local,square,card_present=0.95;online=0.05,6.50,0.30,8,2,,
m_little_owl_espresso,Little Owl Espresso,Dining,coffee,local,square,card_present=0.95;online=0.05,6.50,0.30,8,2,,
m_morning_ritual_cafe,Morning Ritual Cafe,Dining,coffee,local,square,card_present=0.95;online=0.05,6.50,0.30,8,3,,
m_peet_s_coffee,Peet's Coffee,Dining,coffee,national,none,card_present=0.95;online=0.05,6.50,0.30,8,6,,
m_philz_coffee,Philz Coffee,Dining,coffee,national,none,card_present=0.95;online=0.05,6.50,0.30,8,4,,
m_starbucks,Starbucks,Dining,coffee,national,none,card_present=0.95;online=0.05,6.50,0.30,8,10,,
m_caviar,Caviar,Dining,delivery,online,none,online=1,34.00,0.35,19,2,,
m_doordash,DoorDash,Dining,delivery,online,none,online=1,34.00,0.35,19,9,DOORDASH*,
m_grubhub,Grubhub,Dining,delivery,online,none,online=1,34.00,0.35,19,5,,
m_uber_eats,Uber Eats,Dining,delivery,online,none,online=1,34.00,0.35,19,8,UBER *EATS,
m_banh_mi_corner,Banh Mi Corner,Dining,fast_casual,local,square,card_present=0.85;online=0.15,14.00,0.35,13,2,,
m_chick_fil_a,Chick-fil-A,Dining,fast_casual,national,none,card_present=0.85;online=0.15,14.00,0.35,13,8,,
m_chipotle,Chipotle,Dining,fast_casual,national,none,card_present=0.85;online=0.15,14.00,0.35,13,9,,
m_in_n_out_burger,In-N-Out Burger,Dining,fast_casual,national,none,card_present=0.85;online=0.15,14.00,0.35,13,5,,
m_lucky_dumpling_house,Lucky Dumpling House,Dining,fast_casual,local,toast,card_present=0.85;online=0.15,14.00,0.35,13,2,,
m_mcdonald_s,McDonald's,Dining,fast_casual,national,none,card_present=0.85;online=0.15,14.00,0.35,13,9,,
m_panda_express,Panda Express,Dining,fast_casual,national,none,card_present=0.85;online=0.15,14.00,0.35,13,6,,
m_panera_bread,Panera Bread,Dining,fast_casual,national,none,card_present=0.85;online=0.15,14.00,0.35,13,7,,
m_shake_shack,Shake Shack,Dining,fast_casual,national,none,card_present=0.85;online=0.15,14.00,0.35,13,5,,
m_subway,Subway,Dining,fast_casual,national,none,card_present=0.85;online=0.15,14.00,0.35,13,6,,
m_sweetgreen,Sweetgreen,Dining,fast_casual,national,none,card_present=0.85;online=0.15,14.00,0.35,13,6,,
m_taco_bell,Taco Bell,Dining,fast_casual,national,none,card_present=0.85;online=0.15,14.00,0.35,13,7,,
m_blue_agave_cantina,Blue Agave Cantina,Dining,restaurant,local,toast,card_present=0.92;online=0.08,52.00,0.45,19,3,,
m_golden_lotus_kitchen,Golden Lotus Kitchen,Dining,restaurant,local,toast,card_present=0.92;online=0.08,52.00,0.45,19,3,,
m_harbor_grill,Harbor Grill,Dining,restaurant,local,toast,card_present=0.92;online=0.08,52.00,0.45,19,3,,
m_oakwood_bistro,Oakwood Bistro,Dining,restaurant,local,toast,card_present=0.92;online=0.08,52.00,0.45,19,3,,
m_olive_garden,Olive Garden,Dining,restaurant,national,none,card_present=0.92;online=0.08,52.00,0.45,19,6,,
m_p_f_chang_s,P.F. Chang's,Dining,restaurant,national,none,card_present=0.92;online=0.08,52.00,0.45,19,4,,
m_pho_saigon_noodle_house,Pho Saigon Noodle House,Dining,restaurant,local,square,card_present=0.92;online=0.08,52.00,0.45,19,3,,
m_rustic_fork,Rustic Fork,Dining,restaurant,local,clover,card_present=0.92;online=0.08,52.00,0.45,19,2,,
m_saffron_table,Saffron Table,Dining,restaurant,local,toast,card_present=0.92;online=0.08,52.00,0.45,19,2,,
m_sakura_sushi_house,Sakura Sushi House,Dining,restaurant,local,toast,card_present=0.92;online=0.08,52.00,0.45,19,3,,
m_seoul_garden_bbq,Seoul Garden BBQ,Dining,restaurant,local,toast,card_present=0.92;online=0.08,52.00,0.45,19,2,,
m_texas_roadhouse,Texas Roadhouse,Dining,restaurant,national,none,card_present=0.92;online=0.08,52.00,0.45,19,5,,
m_the_cheesecake_factory,The Cheesecake Factory,Dining,restaurant,national,none,card_present=0.92;online=0.08,52.00,0.45,19,6,CHEESECAKE FACTORY,
m_the_copper_pot,The Copper Pot,Dining,restaurant,local,toast,card_present=0.92;online=0.08,52.00,0.45,19,3,,
m_trattoria_bella,Trattoria Bella,Dining,restaurant,local,toast,card_present=0.92;online=0.08,52.00,0.45,19,3,,
m_eventbrite,Eventbrite,Entertainment,events,online,none,online=1,120.00,0.70,20,5,,
m_seatgeek,SeatGeek,Entertainment,events,online,none,online=1,120.00,0.70,20,4,,
m_stubhub,StubHub,Entertainment,events,online,none,online=1,120.00,0.70,20,5,,
m_ticketmaster,Ticketmaster,Entertainment,events,online,none,online=1,120.00,0.70,20,8,,
m_nintendo_eshop,Nintendo eShop,Entertainment,games,online,none,online=1,35.00,0.70,21,5,,
m_playstation_network,PlayStation Network,Entertainment,games,online,none,online=1,35.00,0.70,21,6,PlayStation Network,
m_steam,Steam,Entertainment,games,online,none,online=1,35.00,0.70,21,7,STEAMGAMES.COM,
m_city_museum_of_art,City Museum of Art,Entertainment,leisure,local,none,card_present=1,40.00,0.50,15,3,,
m_funland_arcade,Funland Arcade,Entertainment,leisure,local,clover,card_present=1,40.00,0.50,15,2,,
m_laugh_track_comedy_club,Laugh Track Comedy Club,Entertainment,leisure,local,toast,card_present=1,40.00,0.50,15,2,,
m_riverside_mini_golf,Riverside Mini Golf,Entertainment,leisure,local,square,card_present=1,40.00,0.50,15,2,,
m_starlight_bowling,Starlight Bowling,Entertainment,leisure,local,square,card_present=1,40.00,0.50,15,3,,
m_alamo_drafthouse,Alamo Drafthouse,Entertainment,movies,national,none,card_present=0.5;online=0.5,32.00,0.40,19,4,,
m_amc_theatres,AMC Theatres,Entertainment,movies,national,none,card_present=0.5;online=0.5,32.00,0.40,19,8,,
m_regal_cinemas,Regal Cinemas,Entertainment,movies,national,none,card_present=0.5;online=0.5,32.00,0.40,19,6,,
m_amazon_fresh,Amazon Fresh,Groceries,grocery_delivery,online,none,online=1,95.00,0.40,18,5,AMAZON FRESH*,
m_instacart,Instacart,Groceries,grocery_delivery,online,none,online=1,95.00,0.40,18,6,,
m_albertsons,Albertsons,Groceries,supermarket,national,none,card_present=0.96;online=0.04,85.00,0.55,17,6,,
m_aldi,Aldi,Groceries,supermarket,national,none,card_present=0.96;online=0.04,85.00,0.55,17,7,,
m_corner_fresh_grocery,Corner Fresh Grocery,Groceries,supermarket,local,clover,card_present=0.96;online=0.04,85.00,0.55,17,3,,
m_food_lion,Food Lion,Groceries,supermarket,national,none,card_present=0.96;online=0.04,85.00,0.55,17,5,,
m_giant_eagle,Giant Eagle,Groceries,supermarket,national,none,card_present=0.96;online=0.04,85.00,0.55,17,4,,
m_green_valley_market,Green Valley Market,Groceries,supermarket,local,square,card_present=0.96;online=0.04,85.00,0.55,17,3,,
m_h_e_b,H-E-B,Groceries,supermarket,national,none,card_present=0.96;online=0.04,85.00,0.55,17,7,,
m_hannaford,Hannaford,Groceries,supermarket,national,none,card_present=0.96;online=0.04,85.00,0.55,17,3,,
m_harvest_moon_co_op,Harvest Moon Co-op,Groceries,supermarket,local,clover,card_present=0.96;online=0.04,85.00,0.55,17,2,,
m_kroger,Kroger,Groceries,supermarket,national,none,card_present=0.96;online=0.04,85.00,0.55,17,9,,
m_la_placita_mercado,La Placita Mercado,Groceries,supermarket,local,square,card_present=0.96;online=0.04,85.00,0.55,17,2,,
m_lidl,Lidl,Groceries,supermarket,national,none,card_present=0.96;online=0.04,85.00,0.55,17,5,,
m_pacific_asian_market,Pacific Asian Market,Groceries,supermarket,local,none,card_present=0.96;online=0.04,85.00,0.55,17,3,,
m_publix,Publix,Groceries,supermarket,national,none,card_present=0.96;online=0.04,85.00,0.55,17,8,,
m_ralphs,Ralphs,Groceries,supermarket,national,none,card_present=0.96;online=0.04,85.00,0.55,17,5,,
m_safeway,Safeway,Groceries,supermarket,national,none,card_present=0.96;online=0.04,85.00,0.55,17,8,,
m_sprouts_farmers_market,Sprouts Farmers Market,Groceries,supermarket,national,none,card_present=0.96;online=0.04,85.00,0.55,17,6,,
m_stop_shop,Stop & Shop,Groceries,supermarket,national,none,card_present=0.96;online=0.04,85.00,0.55,17,5,,
m_sunrise_produce,Sunrise Produce,Groceries,supermarket,local,square,card_present=0.96;online=0.04,85.00,0.55,17,2,,
m_trader_joe_s,Trader Joe's,Groceries,supermarket,national,none,card_present=0.96;online=0.04,85.00,0.55,17,9,,
m_wegmans,Wegmans,Groceries,supermarket,national,none,card_present=0.96;online=0.04,85.00,0.55,17,6,,
m_whole_foods_market,Whole Foods Market,Groceries,supermarket,national,none,card_present=0.96;online=0.04,85.00,0.55,17,9,WHOLEFDS,
m_bj_s_wholesale_club,BJ's Wholesale Club,Groceries,warehouse,national,none,card_present=1,160.00,0.50,13,4,,Groceries=0.6;Shopping=0.4
m_costco,Costco,Groceries,warehouse,national,none,card_present=1,160.00,0.50,13,9,COSTCO WHSE,Groceries=0.6;Shopping=0.4
m_sam_s_club,Sam's Club,Groceries,warehouse,national,none,card_present=1,160.00,0.50,13,6,,Groceries=0.6;Shopping=0.4
m_walmart_supercenter,Walmart Supercenter,Groceries,warehouse,national,none,card_present=1,85.00,0.50,13,9,WAL-MART,Groceries=0.5;Shopping=0.5
m_24_hour_fitness,24 Hour Fitness,Health & Fitness,gym,national,none,card_present=0.2;online=0.8,45.00,0.00,5,5,,
m_classpass,ClassPass,Health & Fitness,gym,online,none,card_present=0.2;online=0.8,49.00,0.00,5,4,CLASSPASS*,
m_corepower_yoga,CorePower Yoga,Health & Fitness,gym,national,none,card_present=0.2;online=0.8,149.00,0.00,5,3,,
m_equinox,Equinox,Health & Fitness,gym,national,none,card_present=0.2;online=0.8,240.00,0.00,5,3,,
m_orangetheory_fitness,Orangetheory Fitness,Health & Fitness,gym,national,none,card_present=0.2;online=0.8,159.00,0.00,5,4,,
m_peloton,Peloton,Health & Fitness,gym,online,none,card_present=0.2;online=0.8,44.00,0.00,5,4,PELOTON* MEMBERSHIP,
m_planet_fitness,Planet Fitness,Health & Fitness,gym,national,none,card_present=0.2;online=0.8,24.99,0.00,5,8,,
m_ymca,YMCA,Health & Fitness,gym,national,none,card_present=0.2;online=0.8,62.00,0.00,5,5,,
m_bright_smile_dental,Bright Smile Dental,Health & Fitness,medical,local,none,card_present=0.7;online=0.3,60.00,0.80,11,3,,
m_citymd,CityMD,Health & Fitness,medical,national,none,card_present=0.7;online=0.3,60.00,0.80,11,4,,
m_clearview_optometry,Clearview Optometry,Health & Fitness,medical,local,square,card_present=0.7;online=0.3,60.00,0.80,11,2,,
m_kaiser_permanente,Kaiser Permanente,Health & Fitness,medical,national,none,card_present=0.7;online=0.3,60.00,0.80,11,6,,
m_lakeside_pediatrics,Lakeside Pediatrics,Health & Fitness,medical,local,none,card_present=0.7;online=0.3,60.00,0.80,11,3,,
m_one_medical,One Medical,Health & Fitness,medical,national,none,card_present=0.7;online=0.3,60.00,0.80,11,5,,
m_cvs_pharmacy,CVS Pharmacy,Health & Fitness,pharmacy,national,none,card_present=0.9;online=0.1,24.00,0.60,16,9,CVS/PHARMACY,
m_rite_aid,Rite Aid,Health & Fitness,pharmacy,national,none,card_present=0.9;online=0.1,24.00,0.60,16,3,,
m_walgreens,Walgreens,Health & Fitness,pharmacy,national,none,card_present=0.9;online=0.1,24.00,0.60,16,9,,
m_cedar_grove_hoa,Cedar Grove HOA,Housing,hoa,local,none,ach=0.7;online=0.3,250.00,0.00,2,5,,
m_lakeside_hoa,Lakeside HOA,Housing,hoa,local,none,ach=0.7;online=0.3,250.00,0.00,2,5,,
m_chase_home_lending,Chase Home Lending,Housing,mortgage,national,none,ach=1,0.00,0.00,1,7,,
m_mr_cooper,Mr. Cooper,Housing,mortgage,national,none,ach=1,0.00,0.00,1,6,,
m_rocket_mortgage,Rocket Mortgage,Housing,mortgage,national,none,ach=1,0.00,0.00,1,8,,
m_wells_fargo_home_mortgage,Wells Fargo Home Mortgage,Housing,mortgage,national,none,ach=1,0.00,0.00,1,8,WELLS FARGO HOME MTG,
m_bayside_residential,Bayside Residential,Housing,rent,local,none,ach=1,0.00,0.00,1,5,,
m_cityview_rentals,Cityview Rentals,Housing,rent,local,zelle,ach=1,0.00,0.00,1,4,,
m_harbor_lofts_llc,Harbor Lofts LLC,Housing,rent,local,none,ach=1,0.00,0.00,1,4,,
m_maple_court_apartments,Maple Court Apartments,Housing,rent,local,none,ach=1,0.00,0.00,1,5,,
m_northpoint_living,Northpoint Living,Housing,rent,local,none,ach=1,0.00,0.00,1,4,,
m_oakwood_property_mgmt,Oakwood Property Mgmt,Housing,rent,local,none,ach=1,0.00,0.00,1,5,,
m_parkline_apartments,Parkline Apartments,Housing,rent,local,none,ach=1,0.00,0.00,1,5,,
m_sterling_heights_mgmt,Sterling Heights Mgmt,Housing,rent,local,none,ach=1,0.00,0.00,1,4,,
m_summit_ridge_properties,Summit Ridge Properties,Housing,rent,local,zelle,ach=1,0.00,0.00,1,4,,
m_willow_creek_homes,Willow Creek Homes,Housing,rent,local,none,ach=1,0.00,0.00,1,4,,
m_brightpath_marketing,Brightpath Marketing,Income,client,national,none,ach=1,0.00,0.00,11,5,,
m_copper_kettle_brewing,Copper Kettle Brewing,Income,client,national,zelle,ach=1,0.00,0.00,11,5,,
m_fable_co,Fable & Co,Income,client,national,paypal,ach=1,0.00,0.00,11,5,,
m_halcyon_games,Halcyon Games,Income,client,national,stripe,ach=1,0.00,0.00,11,5,,
m_juniper_health,Juniper Health,Income,client,national,none,ach=1,0.00,0.00,11,5,,
m_kestrel_ventures,Kestrel Ventures,Income,client,national,none,ach=1,0.00,0.00,11,5,,
m_lumen_studio,Lumen Studio,Income,client,national,stripe,ach=1,0.00,0.00,11,5,,
m_mosaic_foundation,Mosaic Foundation,Income,client,national,none,ach=1,0.00,0.00,11,5,,
m_northgate_realty,Northgate Realty,Income,client,national,zelle,ach=1,0.00,0.00,11,5,,
m_oakline_architects,Oakline Architects,Income,client,national,paypal,ach=1,0.00,0.00,11,5,,
m_quill_publishing,Quill Publishing,Income,client,national,stripe,ach=1,0.00,0.00,11,5,,
m_riverbend_events,Riverbend Events,Income,client,national,paypal,ach=1,0.00,0.00,11,5,,
m_saltbox_design,Saltbox Design,Income,client,national,zelle,ach=1,0.00,0.00,11,5,,
m_tidewater_films,Tidewater Films,Income,client,national,stripe,ach=1,0.00,0.00,11,5,,
m_vantage_apps,Vantage Apps,Income,client,national,stripe,ach=1,0.00,0.00,11,5,,
m_acme_corp,Acme Corp,Income,payroll,national,none,ach=1,0.00,0.00,6,5,,
m_atlas_manufacturing,Atlas Manufacturing,Income,payroll,national,none,ach=1,0.00,0.00,6,5,,
m_beacon_media,Beacon Media,Income,payroll,national,none,ach=1,0.00,0.00,6,5,,
m_brightline_software,Brightline Software,Income,payroll,national,none,ach=1,0.00,0.00,6,5,,
m_cedar_health_partners,Cedar Health Partners,Income,payroll,national,none,ach=1,0.00,0.00,6,5,,
m_copperfield_engineering,Copperfield Engineering,Income,payroll,national,none,ach=1,0.00,0.00,6,5,,
m_evergreen_county,Evergreen County,Income,payroll,national,none,ach=1,0.00,0.00,6,5,,
m_harborview_medical_center,Harborview Medical Center,Income,payroll,national,none,ach=1,0.00,0.00,6,5,,
m_keystone_insurance_group,Keystone Insurance Group,Income,payroll,national,none,ach=1,0.00,0.00,6,5,,
m_lakeside_unified_school_dist,Lakeside Unified School Dist,Income,payroll,national,none,ach=1,0.00,0.00,6,5,,
m_meridian_bank,Meridian Bank,Income,payroll,national,none,ach=1,0.00,0.00,6,5,,
m_northstar_retail_group,Northstar Retail Group,Income,payroll,national,none,ach=1,0.00,0.00,6,5,,
m_northwind_traders,Northwind Traders,Income,payroll,national,none,ach=1,0.00,0.00,6,5,,
m_orchard_labs,Orchard Labs,Income,payroll,national,none,ach=1,0.00,0.00,6,5,,
m_pinecrest_university,Pinecrest University,Income,payroll,national,none,ach=1,0.00,0.00,6,5,,
m_redwood_analytics,Redwood Analytics,Income,payroll,national,none,ach=1,0.00,0.00,6,5,,
m_silverline_telecom,Silverline Telecom,Income,payroll,national,none,ach=1,0.00,0.00,6,5,,
m_summit_logistics,Summit Logistics,Income,payroll,national,none,ach=1,0.00,0.00,6,5,,
m_allstate,Allstate,Insurance & Fees,auto_insurance,national,none,ach=0.5;online=0.5,0.00,0.00,4,6,,
m_geico,GEICO,Insurance & Fees,auto_insurance,national,none,ach=0.5;online=0.5,0.00,0.00,4,9,,
m_liberty_mutual,Liberty Mutual,Insurance & Fees,auto_insurance,national,none,ach=0.5;online=0.5,0.00,0.00,4,5,,
m_progressive,Progressive,Insurance & Fees,auto_insurance,national,none,ach=0.5;online=0.5,0.00,0.00,4,8,,
m_state_farm,State Farm,Insurance & Fees,auto_insurance,national,none,ach=0.5;online=0.5,0.00,0.00,4,9,,
m_monthly_service_fee,Monthly Service Fee,Insurance & Fees,bank_fee,national,none,other=1,12.00,0.60,2,5,,
m_out_of_network_atm_fee,Out-of-Network ATM Fee,Insurance & Fees,bank_fee,national,none,other=1,3.50,0.60,2,5,ATM FEE,
m_overdraft_fee,Overdraft Fee,Insurance & Fees,bank_fee,national,none,other=1,35.00,0.60,2,3,OVERDRAFT ITEM FEE,
m_ambetter_health,Ambetter Health,Insurance & Fees,health_insurance,national,none,ach=0.6;online=0.4,0.00,0.00,4,3,,
m_blue_shield,Blue Shield,Insurance & Fees,health_insurance,national,none,ach=0.6;online=0.4,0.00,0.00,4,5,,
m_covered_california,Covered California,Insurance & Fees,health_insurance,online,none,ach=0.6;online=0.4,0.00,0.00,4,4,,
m_oscar_health,Oscar Health,Insurance & Fees,health_insurance,online,none,ach=0.6;online=0.4,0.00,0.00,4,4,,
m_assurant_renters,Assurant Renters,Insurance & Fees,renters_insurance,online,none,online=0.8;ach=0.2,0.00,0.00,4,3,,
m_hearth_renters_insurance,Hearth Renters Insurance,Insurance & Fees,renters_insurance,online,none,online=0.8;ach=0.2,0.00,0.00,4,3,,
m_lemonade,Lemonade,Insurance & Fees,renters_insurance,online,none,online=0.8;ach=0.2,0.00,0.00,4,6,,
m_irs_estimated_tax,IRS Estimated Tax,Insurance & Fees,tax,national,none,ach=1,0.00,0.00,9,9,IRS USATAXPYMT,
m_state_tax_board,State Tax Board,Insurance & Fees,tax,national,none,ach=1,0.00,0.00,9,6,FRANCHISE TAX BD,
m_barnes_noble,Barnes & Noble,Shopping,books,national,none,card_present=0.8;online=0.2,28.00,0.50,15,5,,
m_maple_street_books,Maple Street Books,Shopping,books,local,square,card_present=0.8;online=0.2,28.00,0.50,15,2,,
m_gap,Gap,Shopping,clothing,national,none,card_present=0.6;online=0.4,68.00,0.60,15,5,,
m_h_m,H&M,Shopping,clothing,national,none,card_present=0.6;online=0.4,68.00,0.60,15,6,,
m_lululemon,Lululemon,Shopping,clothing,national,none,card_present=0.6;online=0.4,68.00,0.60,15,5,,
m_macy_s,Macy's,Shopping,clothing,national,none,card_present=0.6;online=0.4,68.00,0.60,15,5,,
m_nike,Nike,Shopping,clothing,national,none,card_present=0.6;online=0.4,68.00,0.60,15,6,,
m_nordstrom,Nordstrom,Shopping,clothing,national,none,card_present=0.6;online=0.4,68.00,0.60,15,5,,
m_old_navy,Old Navy,Shopping,clothing,national,none,card_present=0.6;online=0.4,68.00,0.60,15,6,,
m_rei,REI,Shopping,clothing,national,none,card_present=0.6;online=0.4,68.00,0.60,15,5,REI #,
m_second_chapter_thrift,Second Chapter Thrift,Shopping,clothing,local,square,card_present=0.6;online=0.4,68.00,0.60,15,2,,
m_tj_maxx,TJ Maxx,Shopping,clothing,national,none,card_present=0.6;online=0.4,68.00,0.60,15,6,TJMAXX,
m_uniqlo,Uniqlo,Shopping,clothing,national,none,card_present=0.6;online=0.4,68.00,0.60,15,5,,
m_urban_threads_boutique,Urban Threads Boutique,Shopping,clothing,local,square,card_present=0.6;online=0.4,68.00,0.60,15,2,,
m_zara,Zara,Shopping,clothing,national,none,card_present=0.6;online=0.4,68.00,0.60,15,5,,
m_apple_store,Apple Store,Shopping,electronics,national,none,card_present=0.5;online=0.5,140.00,0.90,15,7,APPLE STORE,
m_b_h_photo,B&H Photo,Shopping,electronics,online,none,card_present=0.5;online=0.5,140.00,0.90,15,3,,
m_best_buy,Best Buy,Shopping,electronics,national,none,card_present=0.5;online=0.5,140.00,0.90,15,8,,
m_micro_center,Micro Center,Shopping,electronics,national,none,card_present=0.5;online=0.5,140.00,0.90,15,3,,
m_newegg,Newegg,Shopping,electronics,online,paypal,card_present=0.5;online=0.5,140.00,0.90,15,3,,
m_pixel_repair_shop,Pixel Repair Shop,Shopping,electronics,local,square,card_present=0.5;online=0.5,140.00,0.90,15,1,,
m_dollar_tree,Dollar Tree,Shopping,general,national,none,card_present=0.85;online=0.15,45.00,0.70,16,5,,
m_five_below,Five Below,Shopping,general,national,none,card_present=0.85;online=0.15,45.00,0.70,16,3,,
m_target,Target,Shopping,general,national,none,card_present=0.85;online=0.15,62.00,0.70,16,10,,Shopping=0.65;Groceries=0.35
m_the_gift_nook,The Gift Nook,Shopping,general,local,square,card_present=0.85;online=0.15,45.00,0.70,16,2,,
m_ace_hardware,Ace Hardware,Shopping,home,national,none,card_present=0.7;online=0.3,75.00,0.80,12,5,,
m_crate_barrel,Crate & Barrel,Shopping,home,national,none,card_present=0.7;online=0.3,75.00,0.80,12,3,,
m_ikea,IKEA,Shopping,home,national,none,card_present=0.7;online=0.3,75.00,0.80,12,6,,
m_lowe_s,Lowe's,Shopping,home,national,none,card_present=0.7;online=0.3,75.00,0.80,12,7,,
m_the_home_depot,The Home Depot,Shopping,home,national,none,card_present=0.7;online=0.3,75.00,0.80,12,8,THE HOME DEPOT,
m_wayfair,Wayfair,Shopping,home,online,none,card_present=0.7;online=0.3,75.00,0.80,12,5,,
m_carter_s,Carter's,Shopping,kids,national,none,card_present=0.6;online=0.4,48.00,0.60,14,4,,
m_lakeside_toy_co,Lakeside Toy Co,Shopping,kids,local,clover,card_present=0.6;online=0.4,48.00,0.60,14,2,,
m_staples,Staples,Shopping,kids,national,none,card_present=0.6;online=0.4,48.00,0.60,14,5,,
m_the_children_s_place,The Children's Place,Shopping,kids,national,none,card_present=0.6;online=0.4,48.00,0.60,14,4,,
m_amazon,Amazon,Shopping,marketplace,online,none,online=1,42.00,0.80,21,10,AMZN Mktp US,
m_ebay,eBay,Shopping,marketplace,online,paypal,online=1,42.00,0.80,21,6,,
m_etsy,Etsy,Shopping,marketplace,online,none,online=1,42.00,0.80,21,5,"ETSY, INC.",
m_temu,Temu,Shopping,marketplace,online,none,online=1,42.00,0.80,21,4,,
m_walmart_com,Walmart.com,Shopping,marketplace,online,none,online=1,42.00,0.80,21,6,WALMART.COM,
m_substack,Substack,Subscriptions,news,online,none,online=1,8.00,0.00,4,3,SUBSTACK,
m_the_athletic,The Athletic,Subscriptions,news,online,none,online=1,7.99,0.00,4,3,THE ATHLETIC,
m_the_new_york_times,The New York Times,Subscriptions,news,online,none,online=1,17.00,0.00,4,5,NYTIMES,
m_1password,1Password,Subscriptions,software,online,none,online=1,2.99,0.00,4,3,1PASSWORD,
m_adobe_creative_cloud,Adobe Creative Cloud,Subscriptions,software,online,none,online=1,59.99,0.00,4,6,ADOBE *CREATIVE CLOUD,
m_canva,Canva,Subscriptions,software,online,none,online=1,14.99,0.00,4,5,CANVA*,
m_dropbox,Dropbox,Subscriptions,software,online,none,online=1,11.99,0.00,4,5,DROPBOX*,
m_figma,Figma,Subscriptions,software,online,none,online=1,15.00,0.00,4,4,FIGMA,
m_github,GitHub,Subscriptions,software,online,none,online=1,4.00,0.00,4,4,"GITHUB, INC.",
m_google_workspace,Google Workspace,Subscriptions,software,online,none,online=1,7.20,0.00,4,5,GOOGLE *GSUITE,
m_microsoft_365,Microsoft 365,Subscriptions,software,online,none,online=1,9.99,0.00,4,8,MSFT * MICROSOFT 365,
m_notion,Notion,Subscriptions,software,online,none,online=1,10.00,0.00,4,5,NOTION LABS,
m_quickbooks_online,QuickBooks Online,Subscriptions,software,online,none,online=1,35.00,0.00,4,4,INTUIT *QBOOKS ONLINE,
m_slack,Slack,Subscriptions,software,online,none,online=1,8.75,0.00,4,3,SLACK T,
m_zoom,Zoom,Subscriptions,software,online,none,online=1,15.99,0.00,4,5,ZOOM.US,
m_amazon_prime,Amazon Prime,Subscriptions,streaming,online,none,online=1,14.99,0.00,4,9,Amazon Prime*,
m_apple_icloud,Apple iCloud,Subscriptions,streaming,online,none,online=1,2.99,0.00,4,8,APPLE.COM/BILL,
m_disney,Disney+,Subscriptions,streaming,online,none,online=1,13.99,0.00,4,7,DISNEY PLUS,
m_hulu,Hulu,Subscriptions,streaming,online,none,online=1,17.99,0.00,4,7,HULU.COM/BILL,
m_max,Max,Subscriptions,streaming,online,none,online=1,16.99,0.00,4,6,MAX.COM,
m_netflix,Netflix,Subscriptions,streaming,online,none,online=1,15.49,0.00,4,10,NETFLIX.COM,
m_paramount,Paramount+,Subscriptions,streaming,online,none,online=1,7.99,0.00,4,4,PARAMOUNT+,
m_peacock,Peacock,Subscriptions,streaming,online,none,online=1,7.99,0.00,4,4,PEACOCK,
m_spotify,Spotify,Subscriptions,streaming,online,none,online=1,11.99,0.00,4,10,Spotify USA,
m_youtube_premium,YouTube Premium,Subscriptions,streaming,online,none,online=1,13.99,0.00,4,6,GOOGLE *YouTubePremium,
m_discount_tire,Discount Tire,Transportation,auto_repair,national,none,card_present=1,280.00,0.60,11,4,,
m_firestone_complete_auto_care,Firestone Complete Auto Care,Transportation,auto_repair,national,none,card_present=1,280.00,0.60,11,5,FIRESTONE,
m_jiffy_lube,Jiffy Lube,Transportation,auto_repair,national,none,card_present=1,280.00,0.60,11,5,,
m_main_street_auto_body,Main Street Auto Body,Transportation,auto_repair,local,square,card_present=1,280.00,0.60,11,2,,
m_midas,Midas,Transportation,auto_repair,national,none,card_present=1,280.00,0.60,11,3,,
m_pep_boys,Pep Boys,Transportation,auto_repair,national,none,card_present=1,280.00,0.60,11,3,,
m_76,76,Transportation,fuel,national,none,card_present=1,48.00,0.30,17,4,76 -,
m_arco,Arco,Transportation,fuel,national,none,card_present=1,48.00,0.30,17,5,ARCO,
m_bp,BP,Transportation,fuel,national,none,card_present=1,48.00,0.30,17,6,,
m_chevron,Chevron,Transportation,fuel,national,none,card_present=1,48.00,0.30,17,8,,
m_exxonmobil,ExxonMobil,Transportation,fuel,national,none,card_present=1,48.00,0.30,17,8,EXXON,
m_shell,Shell,Transportation,fuel,national,none,card_present=1,48.00,0.30,17,9,SHELL OIL,
m_speedway,Speedway,Transportation,fuel,national,none,card_present=1,48.00,0.30,17,4,,
m_city_parking_meters,City Parking Meters,Transportation,parking,local,none,card_present=0.6;online=0.4,14.00,0.60,12,3,,
m_laz_parking,LAZ Parking,Transportation,parking,national,none,card_present=0.6;online=0.4,14.00,0.60,12,4,,
m_parkmobile,ParkMobile,Transportation,parking,online,none,card_present=0.6;online=0.4,14.00,0.60,12,6,,
m_sp_parking,SP+ Parking,Transportation,parking,national,none,card_present=0.6;online=0.4,14.00,0.60,12,5,,
m_lyft,Lyft,Transportation,rideshare,online,none,online=1,19.00,0.50,17,8,LYFT *RIDE,
m_uber,Uber,Transportation,rideshare,online,none,online=1,19.00,0.50,17,10,UBER *TRIP,
m_e_zpass,E-ZPass,Transportation,toll,online,none,online=1,25.00,0.40,6,5,,
m_fastrak,FasTrak,Transportation,toll,online,none,online=1,25.00,0.40,6,4,,
m_clipper_card,Clipper Card,Transportation,transit,local,none,card_present=0.6;online=0.4,12.00,0.60,8,5,CLIPPER SERVICE,
m_metro_smartrip,Metro SmarTrip,Transportation,transit,local,none,card_present=0.6;online=0.4,12.00,0.60,8,3,,
m_mta_omny,MTA OMNY,Transportation,transit,local,none,card_present=0.6;online=0.4,12.00,0.60,8,6,MTA*NYCT PAYGO,
m_orca_card,ORCA Card,Transportation,transit,local,none,card_present=0.6;online=0.4,12.00,0.60,8,3,,
m_ventra_cta,Ventra CTA,Transportation,transit,local,none,card_present=0.6;online=0.4,12.00,0.60,8,4,,
m_alaska_airlines,Alaska Airlines,Travel,airline,online,none,online=1,380.00,0.50,20,4,,
m_american_airlines,American Airlines,Travel,airline,online,none,online=1,380.00,0.50,20,7,,
m_delta_air_lines,Delta Air Lines,Travel,airline,online,none,online=1,380.00,0.50,20,8,,
m_jetblue,JetBlue,Travel,airline,online,none,online=1,380.00,0.50,20,4,,
m_southwest_airlines,Southwest Airlines,Travel,airline,online,none,online=1,380.00,0.50,20,7,,
m_united_airlines,United Airlines,Travel,airline,online,none,online=1,380.00,0.50,20,8,,
m_enterprise_rent_a_car,Enterprise Rent-A-Car,Travel,car_rental,national,none,online=0.5;card_present=0.5,260.00,0.50,12,6,,
m_hertz,Hertz,Travel,car_rental,national,none,online=0.5;card_present=0.5,260.00,0.50,12,5,,
m_hilton,Hilton,Travel,hotel,national,none,online=0.6;card_present=0.4,420.00,0.60,16,7,,
m_holiday_inn,Holiday Inn,Travel,hotel,national,none,online=0.6;card_present=0.4,420.00,0.60,16,4,,
m_hyatt,Hyatt,Travel,hotel,national,none,online=0.6;card_present=0.4,420.00,0.60,16,5,,
m_marriott,Marriott,Travel,hotel,national,none,online=0.6;card_present=0.4,420.00,0.60,16,7,,
m_airbnb,Airbnb,Travel,lodging,online,none,online=1,650.00,0.60,21,8,,
m_booking_com,Booking.com,Travel,lodging,online,none,online=1,650.00,0.60,21,5,,
m_expedia,Expedia,Travel,lodging,online,none,online=1,650.00,0.60,21,5,,
m_vrbo,Vrbo,Travel,lodging,online,none,online=1,650.00,0.60,21,4,,
m_austin_energy,Austin Energy,Utilities,electric,national,none,ach=0.6;online=0.4,0.00,0.00,3,5,,
m_comed,ComEd,Utilities,electric,national,none,ach=0.6;online=0.4,0.00,0.00,3,6,,
m_con_edison,Con Edison,Utilities,electric,national,none,ach=0.6;online=0.4,0.00,0.00,3,7,CON ED OF NY,
m_duke_energy,Duke Energy,Utilities,electric,national,none,ach=0.6;online=0.4,0.00,0.00,3,7,,
m_georgia_power,Georgia Power,Utilities,electric,national,none,ach=0.6;online=0.4,0.00,0.00,3,5,,
m_pg_e,PG&E,Utilities,electric,national,none,ach=0.6;online=0.4,0.00,0.00,3,8,PGANDE WEB ONLINE,
m_seattle_city_light,Seattle City Light,Utilities,electric,national,none,ach=0.6;online=0.4,0.00,0.00,3,5,,
m_atmos_energy,Atmos Energy,Utilities,gas_util,national,none,ach=0.6;online=0.4,0.00,0.00,3,5,,
m_nicor_gas,Nicor Gas,Utilities,gas_util,national,none,ach=0.6;online=0.4,0.00,0.00,3,5,,
m_socalgas,SoCalGas,Utilities,gas_util,national,none,ach=0.6;online=0.4,0.00,0.00,3,6,,
m_at_t_internet,AT&T Internet,Utilities,internet,national,none,online=0.7;ach=0.3,0.00,0.00,3,7,ATT*BILL PAYMENT,
m_comcast_xfinity,Comcast Xfinity,Utilities,internet,national,none,online=0.7;ach=0.3,0.00,0.00,3,9,COMCAST CABLE COMM,
m_google_fiber,Google Fiber,Utilities,internet,national,none,online=0.7;ach=0.3,0.00,0.00,3,4,,
m_sonic_internet,Sonic Internet,Utilities,internet,national,none,online=0.7;ach=0.3,0.00,0.00,3,3,,
m_spectrum,Spectrum,Utilities,internet,national,none,online=0.7;ach=0.3,0.00,0.00,3,8,SPECTRUM,
m_verizon_fios,Verizon Fios,Utilities,internet,national,none,online=0.7;ach=0.3,0.00,0.00,3,6,,
m_at_t_wireless,AT&T Wireless,Utilities,phone,national,none,online=0.7;ach=0.3,0.00,0.00,3,8,ATT*BILL PAYMENT,
m_mint_mobile,Mint Mobile,Utilities,phone,national,none,online=0.7;ach=0.3,0.00,0.00,3,5,,
m_t_mobile,T-Mobile,Utilities,phone,national,none,online=0.7;ach=0.3,0.00,0.00,3,9,T-MOBILE*AUTO PAY,
m_verizon_wireless,Verizon Wireless,Utilities,phone,national,none,online=0.7;ach=0.3,0.00,0.00,3,9,VZWRLSS*APOCC VISB,
m_visible,Visible,Utilities,phone,national,none,online=0.7;ach=0.3,0.00,0.00,3,4,,
m_city_water_dept,City Water Dept,Utilities,water,local,none,ach=0.5;online=0.5,0.00,0.00,3,5,,
m_metro_water_utility,Metro Water Utility,Utilities,water,local,none,ach=0.5;online=0.5,0.00,0.00,3,5,,
